{
    "Ar36": {
        "error": 0.0022789119826579665, 
        "fit": "parabolic", 
        "value": 0.027901748289009848
    }, 
    "Ar37": {
        "error": 0.13698342896625382, 
        "fit": "linear", 
        "value": -0.030119080891182044
    }, 
    "Ar38": {
        "error": 0.18503939222077764, 
        "fit": "linear", 
        "value": 1.1247013405096804
    }, 
    "Ar39": {
        "error": 0.10419138064516836, 
        "fit": "parabolic", 
        "value": 97.237322313483361
    }, 
    "Ar40": {
        "error": 0.4568967747404446, 
        "fit": "parabolic", 
        "value": 1347.5750479360613
    }, 
    "Ar41": {
        "error": 0.11802141141847214, 
        "fit": "average_SEM", 
        "value": 0.070368931186822012
    }
}