{
    "Ar36": {
        "error": 0.0018965995159458363, 
        "fit": "parabolic", 
        "value": 0.013632748409310374
    }, 
    "Ar37": {
        "error": 0.13434891672822083, 
        "fit": "linear", 
        "value": 0.026101127247107146
    }, 
    "Ar38": {
        "error": 0.1767453447571426, 
        "fit": "linear", 
        "value": 0.034917796093177723
    }, 
    "Ar39": {
        "error": 0.067601113551891356, 
        "fit": "parabolic", 
        "value": 14.428027940364139
    }, 
    "Ar40": {
        "error": 0.65292032672345846, 
        "fit": "parabolic", 
        "value": 2614.4737627473141
    }, 
    "Ar41": {
        "error": 0.1179739642762625, 
        "fit": "average_SEM", 
        "value": 0.095964126553917589
    }
}