{
    "Ar36": {
        "error": 0.0020270584546166724, 
        "fit": "parabolic", 
        "value": 0.016578715724997386
    }, 
    "Ar37": {
        "error": 0.13912589170907513, 
        "fit": "linear", 
        "value": 0.040661131644416142
    }, 
    "Ar38": {
        "error": 0.17008792514527998, 
        "fit": "linear", 
        "value": 0.037139820878066263
    }, 
    "Ar39": {
        "error": 0.069572024365289434, 
        "fit": "parabolic", 
        "value": 13.729311688057031
    }, 
    "Ar40": {
        "error": 0.62421203879869214, 
        "fit": "parabolic", 
        "value": 2486.4214706778139
    }, 
    "Ar41": {
        "error": 0.12648451346338721, 
        "fit": "average_SEM", 
        "value": 0.10168661734700436
    }
}