{
    "Ar36": {
        "error": 0.0019574155170772184, 
        "fit": "parabolic", 
        "value": 0.013139651894645417
    }, 
    "Ar37": {
        "error": 0.14540637186795669, 
        "fit": "linear", 
        "value": 0.017730374260690726
    }, 
    "Ar38": {
        "error": 0.17588121623678213, 
        "fit": "linear", 
        "value": 0.032343746772896399
    }, 
    "Ar39": {
        "error": 0.069145138060444561, 
        "fit": "parabolic", 
        "value": 12.93719069809033
    }, 
    "Ar40": {
        "error": 0.6382261277227621, 
        "fit": "parabolic", 
        "value": 2343.3854848751434
    }, 
    "Ar41": {
        "error": 0.12211481818486254, 
        "fit": "average_SEM", 
        "value": 0.094586533429319386
    }
}