{
    "Ar36": {
        "error": 0.012948147891091508, 
        "fit": "parabolic", 
        "value": 1.0753116287546818
    }, 
    "Ar37": {
        "error": 0.13680794614289449, 
        "fit": "linear", 
        "value": 0.017876646989780937
    }, 
    "Ar38": {
        "error": 0.18972124329737192, 
        "fit": "linear", 
        "value": 0.23381960900209017
    }, 
    "Ar39": {
        "error": 0.06565564390267431, 
        "fit": "parabolic", 
        "value": 12.340566953860346
    }, 
    "Ar40": {
        "error": 0.68065475534605235, 
        "fit": "parabolic", 
        "value": 2561.1912521444438
    }, 
    "Ar41": {
        "error": 0.12288614413059275, 
        "fit": "average_SEM", 
        "value": 0.09932314864343425
    }
}