{
    "Ar36": {
        "error": 0.0077888218096846809, 
        "fit": "parabolic", 
        "value": 0.40268675780857355
    }, 
    "Ar37": {
        "error": 0.13219546928351208, 
        "fit": "linear", 
        "value": 0.095253030085415927
    }, 
    "Ar38": {
        "error": 0.17974785129686388, 
        "fit": "linear", 
        "value": 0.082437347979092274
    }, 
    "Ar39": {
        "error": 0.061836771205619485, 
        "fit": "parabolic", 
        "value": 9.2166696982813505
    }, 
    "Ar40": {
        "error": 0.55212338139954042, 
        "fit": "parabolic", 
        "value": 1803.3322910194604
    }, 
    "Ar41": {
        "error": 0.12962883105172399, 
        "fit": "average_SEM", 
        "value": 0.081352687845792387
    }
}