{
    "Ar36": {
        "error": 0.001621470063421535, 
        "fit": "parabolic", 
        "value": 0.010356870216342984
    }, 
    "Ar37": {
        "error": 0.1479398691557437, 
        "fit": "linear", 
        "value": 0.018143524933963096
    }, 
    "Ar38": {
        "error": 0.18082061456628606, 
        "fit": "linear", 
        "value": -0.020570446454791044
    }, 
    "Ar39": {
        "error": 0.065682300212430669, 
        "fit": "parabolic", 
        "value": 7.495355961259679
    }, 
    "Ar40": {
        "error": 0.46969422451542187, 
        "fit": "parabolic", 
        "value": 1379.6703036051538
    }, 
    "Ar41": {
        "error": 0.12033338303475251, 
        "fit": "average_SEM", 
        "value": -0.20644435127833277
    }
}