{
    "Ar36": {
        "error": 0.0017292312759977205, 
        "fit": "parabolic", 
        "value": 0.011303162771473682
    }, 
    "Ar37": {
        "error": 0.14446552802869445, 
        "fit": "linear", 
        "value": -0.0078544505407104909
    }, 
    "Ar38": {
        "error": 0.17959027421957804, 
        "fit": "linear", 
        "value": 0.024695922890679789
    }, 
    "Ar39": {
        "error": 0.067135787992836732, 
        "fit": "parabolic", 
        "value": 11.520092919338699
    }, 
    "Ar40": {
        "error": 0.59773924637461806, 
        "fit": "parabolic", 
        "value": 2092.0655859558683
    }, 
    "Ar41": {
        "error": 0.11915137244951469, 
        "fit": "average_SEM", 
        "value": -0.1722680261815549
    }
}