{
    "Ar36": {
        "error": 0.0019472634263986406, 
        "fit": "parabolic", 
        "value": 0.018196509057489232
    }, 
    "Ar37": {
        "error": 0.13679397215313249, 
        "fit": "linear", 
        "value": -0.010750852220004792
    }, 
    "Ar38": {
        "error": 0.1746455003319336, 
        "fit": "linear", 
        "value": 0.01724734549830385
    }, 
    "Ar39": {
        "error": 0.061672110090199676, 
        "fit": "parabolic", 
        "value": 11.276100251982111
    }, 
    "Ar40": {
        "error": 0.57149129068572824, 
        "fit": "parabolic", 
        "value": 2050.4853474999845
    }, 
    "Ar41": {
        "error": 0.11330889831402076, 
        "fit": "average_SEM", 
        "value": 0.079485696815681878
    }
}