{
    "Ar36": {
        "error": 0.0016127869994335684, 
        "fit": "parabolic", 
        "value": 0.013294264651357378
    }, 
    "Ar37": {
        "error": 0.14290887118402532, 
        "fit": "linear", 
        "value": -0.016255014072248174
    }, 
    "Ar38": {
        "error": 0.17226107059263152, 
        "fit": "linear", 
        "value": -0.045269900965645142
    }, 
    "Ar39": {
        "error": 0.06212645137026522, 
        "fit": "parabolic", 
        "value": 6.422605823717956
    }, 
    "Ar40": {
        "error": 0.44633327697128677, 
        "fit": "parabolic", 
        "value": 1185.607275720607
    }, 
    "Ar41": {
        "error": 0.12113072449910299, 
        "fit": "average_SEM", 
        "value": -0.19929366268421289
    }
}