{
    "Ar36": {
        "error": 0.001922831645312735, 
        "fit": "parabolic", 
        "value": 0.013912110263977684
    }, 
    "Ar37": {
        "error": 0.12942509781812217, 
        "fit": "linear", 
        "value": 0.0085088558425526466
    }, 
    "Ar38": {
        "error": 0.1705233545682783, 
        "fit": "linear", 
        "value": -0.020029806072219741
    }, 
    "Ar39": {
        "error": 0.061934581038686543, 
        "fit": "parabolic", 
        "value": 7.9570621021936478
    }, 
    "Ar40": {
        "error": 0.48870893688960915, 
        "fit": "parabolic", 
        "value": 1454.2021395139884
    }, 
    "Ar41": {
        "error": 0.11903581041983219, 
        "fit": "average_SEM", 
        "value": -0.19168051084940088
    }
}