{
    "Ar36": {
        "error": 0.0017458272877361528, 
        "fit": "parabolic", 
        "value": 0.012092676721002914
    }, 
    "Ar37": {
        "error": 0.13399119264846446, 
        "fit": "linear", 
        "value": 0.021972394783977681
    }, 
    "Ar38": {
        "error": 0.17616021478754004, 
        "fit": "linear", 
        "value": 0.026345263407605596
    }, 
    "Ar39": {
        "error": 0.067391494068720401, 
        "fit": "parabolic", 
        "value": 12.038375165842393
    }, 
    "Ar40": {
        "error": 0.56281508956712301, 
        "fit": "parabolic", 
        "value": 2176.1427687115674
    }, 
    "Ar41": {
        "error": 0.12540600644793504, 
        "fit": "average_SEM", 
        "value": -0.18056898079230449
    }
}