{
    "Ar36": {
        "error": 0.0020728988557774885, 
        "fit": "parabolic", 
        "value": 0.01569597595353776
    }, 
    "Ar37": {
        "error": 0.1448463025203845, 
        "fit": "linear", 
        "value": 0.029224064966350743
    }, 
    "Ar38": {
        "error": 0.17835103393724269, 
        "fit": "linear", 
        "value": 0.078033850254061787
    }, 
    "Ar39": {
        "error": 0.065956625941432326, 
        "fit": "parabolic", 
        "value": 18.281361400211928
    }, 
    "Ar40": {
        "error": 0.72022979176107504, 
        "fit": "parabolic", 
        "value": 3279.5212569180726
    }, 
    "Ar41": {
        "error": 0.11716708029543697, 
        "fit": "average_SEM", 
        "value": -0.16282764224801213
    }
}