{
    "Ar36": {
        "error": 0.0024568910885704016, 
        "fit": "parabolic", 
        "value": 0.035441267729009199
    }, 
    "Ar37": {
        "error": 0.13495508077500049, 
        "fit": "linear", 
        "value": 0.023929443705011474
    }, 
    "Ar38": {
        "error": 0.17124738998929151, 
        "fit": "linear", 
        "value": 0.0092223648840113939
    }, 
    "Ar39": {
        "error": 0.063855227593247355, 
        "fit": "parabolic", 
        "value": 10.180266193224714
    }, 
    "Ar40": {
        "error": 0.51433690128519693, 
        "fit": "parabolic", 
        "value": 1851.320432517532
    }, 
    "Ar41": {
        "error": 0.12493180120383424, 
        "fit": "average_SEM", 
        "value": -0.17856893166259397
    }
}