{
    "Ar36": {
        "error": 0.0015822596256289121, 
        "fit": "parabolic", 
        "value": 0.010494501045201277
    }, 
    "Ar37": {
        "error": 0.14346598080368383, 
        "fit": "linear", 
        "value": 0.017113197690072048
    }, 
    "Ar38": {
        "error": 0.16796095118643209, 
        "fit": "linear", 
        "value": -0.026959759947742711
    }, 
    "Ar39": {
        "error": 0.06640959810641392, 
        "fit": "parabolic", 
        "value": 8.7955898638992025
    }, 
    "Ar40": {
        "error": 0.51433954420116512, 
        "fit": "parabolic", 
        "value": 1607.199387519016
    }, 
    "Ar41": {
        "error": 0.12287119346177772, 
        "fit": "average_SEM", 
        "value": -0.18793618725147099
    }
}