{
    "Ar36": {
        "error": 0.0017610742705941485, 
        "fit": "parabolic", 
        "value": 0.012915669011842218
    }, 
    "Ar37": {
        "error": 0.12986981329456354, 
        "fit": "linear", 
        "value": 0.015455423154777461
    }, 
    "Ar38": {
        "error": 0.18036626585168963, 
        "fit": "linear", 
        "value": 0.01276219657089107
    }, 
    "Ar39": {
        "error": 0.064375339392031716, 
        "fit": "parabolic", 
        "value": 12.421577384180949
    }, 
    "Ar40": {
        "error": 0.59893967876479826, 
        "fit": "parabolic", 
        "value": 2245.2231801082698
    }, 
    "Ar41": {
        "error": 0.1272463506348703, 
        "fit": "average_SEM", 
        "value": 0.089171967819420384
    }
}