{
    "Ar36": {
        "error": 0.0017319845399885359, 
        "fit": "parabolic", 
        "value": 0.010787252356487944
    }, 
    "Ar37": {
        "error": 0.13712282730397435, 
        "fit": "linear", 
        "value": 0.01334603852432116
    }, 
    "Ar38": {
        "error": 0.17728962590559022, 
        "fit": "linear", 
        "value": 0.0060859226108274577
    }, 
    "Ar39": {
        "error": 0.06334093448636309, 
        "fit": "parabolic", 
        "value": 8.528878698405844
    }, 
    "Ar40": {
        "error": 0.49027740060095143, 
        "fit": "parabolic", 
        "value": 1560.1835694779356
    }, 
    "Ar41": {
        "error": 0.12099703702710085, 
        "fit": "average_SEM", 
        "value": -0.19970212307001931
    }
}