{
    "Ar36": {
        "error": 0.00073311356915500359, 
        "fit": "parabolic", 
        "value": 0.00084987506077797265
    }, 
    "Ar37": {
        "error": 0.13915003053407243, 
        "fit": "linear", 
        "value": -0.020900828403342789
    }, 
    "Ar38": {
        "error": 0.16353386413581497, 
        "fit": "linear", 
        "value": -0.11071916674842959
    }, 
    "Ar39": {
        "error": 0.055186696579984387, 
        "fit": "parabolic", 
        "value": -0.24866071056550773
    }, 
    "Ar40": {
        "error": 0.13200635934436436, 
        "fit": "parabolic", 
        "value": 0.084211290344543666
    }, 
    "Ar41": {
        "error": 0.11883107594512174, 
        "fit": "average_SEM", 
        "value": 0.031163334894081345
    }
}