{
    "AX": {
        "error": 0.048745675951335186, 
        "fit": "average_SEM", 
        "value": -0.25555746822307507
    }, 
    "CDD": {
        "error": 0.00016534096709118736, 
        "fit": "average_SEM", 
        "value": 0.00018526767380535602
    }, 
    "H1": {
        "error": 0.14113090523578825, 
        "fit": "average_SEM", 
        "value": -0.019090131078155537
    }, 
    "H2": {
        "error": 0.1289069074173866, 
        "fit": "average_SEM", 
        "value": 0.029543029988417402
    }, 
    "L1": {
        "error": 0.18130419259965988, 
        "fit": "average_SEM", 
        "value": -0.11083432266799112
    }, 
    "L2": {
        "error": 0.14464627997443863, 
        "fit": "average_SEM", 
        "value": -0.05171311483694201
    }
}