{
    "AX": {
        "error": 0.05753405224089211, 
        "fit": "average_SEM", 
        "value": -0.25604665105541546
    }, 
    "CDD": {
        "error": 0.00018350704422899123, 
        "fit": "average_SEM", 
        "value": 0.0001878588314866647
    }, 
    "H1": {
        "error": 0.1248334971490282, 
        "fit": "average_SEM", 
        "value": -0.007821558430926719
    }, 
    "H2": {
        "error": 0.14380350655389107, 
        "fit": "average_SEM", 
        "value": 0.04651888429167836
    }, 
    "L1": {
        "error": 0.18852204795505043, 
        "fit": "average_SEM", 
        "value": -0.1076672321932468
    }, 
    "L2": {
        "error": 0.12265356436588261, 
        "fit": "average_SEM", 
        "value": -0.025424638386660568
    }
}