{
    "AX": {
        "error": 0.05308468666382319, 
        "fit": "average_SEM", 
        "value": -0.2511462427675724
    }, 
    "CDD": {
        "error": 0.0001961723522561982, 
        "fit": "average_SEM", 
        "value": 0.00019174556606837238
    }, 
    "H1": {
        "error": 0.12858501880546078, 
        "fit": "average_SEM", 
        "value": 0.0012087573610187973
    }, 
    "H2": {
        "error": 0.11737537888192846, 
        "fit": "average_SEM", 
        "value": 0.04196982099383604
    }, 
    "L1": {
        "error": 0.14985165147388443, 
        "fit": "average_SEM", 
        "value": -0.11828450877801515
    }, 
    "L2": {
        "error": 0.14166933023527517, 
        "fit": "average_SEM", 
        "value": -0.01365892420290038
    }
}