{
    "AX": {
        "error": 0.052969633072158885, 
        "fit": "average_SEM", 
        "value": -0.24664592413852612
    }, 
    "CDD": {
        "error": 0.00015349717131491166, 
        "fit": "average_SEM", 
        "value": 0.0001554693755072852
    }, 
    "H1": {
        "error": 0.129544577964863, 
        "fit": "average_SEM", 
        "value": -0.020897624037267328
    }, 
    "H2": {
        "error": 0.11734252416488675, 
        "fit": "average_SEM", 
        "value": 0.025297540249691036
    }, 
    "L1": {
        "error": 0.17502143051433505, 
        "fit": "average_SEM", 
        "value": -0.11126778242566313
    }, 
    "L2": {
        "error": 0.14220283808628809, 
        "fit": "average_SEM", 
        "value": -0.034726850007427854
    }
}