{
    "AX": {
        "error": 0.05865840573475371, 
        "fit": "average_SEM", 
        "value": -0.2545211140066385
    }, 
    "CDD": {
        "error": 0.00018770654282218628, 
        "fit": "average_SEM", 
        "value": 0.00022283944199443794
    }, 
    "H1": {
        "error": 0.11553326308735533, 
        "fit": "average_SEM", 
        "value": -0.03153428147003676
    }, 
    "H2": {
        "error": 0.11675627026999028, 
        "fit": "average_SEM", 
        "value": 0.024258011816224705
    }, 
    "L1": {
        "error": 0.17734677168015883, 
        "fit": "average_SEM", 
        "value": -0.11814508497385152
    }, 
    "L2": {
        "error": 0.1378577409027306, 
        "fit": "average_SEM", 
        "value": -0.02060830230281378
    }
}