{
    "AX": {
        "error": 0.05905087604516993, 
        "fit": "average_SEM", 
        "value": -0.26035058653603
    }, 
    "CDD": {
        "error": 0.00013200608179501583, 
        "fit": "average_SEM", 
        "value": 8.421257904653126e-05
    }, 
    "H1": {
        "error": 0.12306290410478644, 
        "fit": "average_SEM", 
        "value": -0.009555129044747446
    }, 
    "H2": {
        "error": 0.12499837139946066, 
        "fit": "average_SEM", 
        "value": 0.029735217768272076
    }, 
    "L1": {
        "error": 0.1693573533217226, 
        "fit": "average_SEM", 
        "value": -0.13762184559794452
    }, 
    "L2": {
        "error": 0.13760805254804886, 
        "fit": "average_SEM", 
        "value": -0.02800844263935384
    }
}