{
    "AX": {
        "error": 0.06001224744687795, 
        "fit": "average_SEM", 
        "value": -0.2502884728834033
    }, 
    "CDD": {
        "error": 0.00016885090221104194, 
        "fit": "average_SEM", 
        "value": 0.00017360747175795648
    }, 
    "H1": {
        "error": 0.11376210714843232, 
        "fit": "average_SEM", 
        "value": -0.014298807718053771
    }, 
    "H2": {
        "error": 0.1311696268905405, 
        "fit": "average_SEM", 
        "value": 0.02268244178655247
    }, 
    "L1": {
        "error": 0.17924232854544295, 
        "fit": "average_SEM", 
        "value": -0.10395997628802434
    }, 
    "L2": {
        "error": 0.12919435328489626, 
        "fit": "average_SEM", 
        "value": -0.026902840992503722
    }
}