{
    "AX": {
        "error": 0.05798273510825124, 
        "fit": "average_SEM", 
        "value": -0.2513836915294329
    }, 
    "CDD": {
        "error": 0.00013787641193670495, 
        "fit": "average_SEM", 
        "value": 9.975951640323425e-05
    }, 
    "H1": {
        "error": 0.14769630570545242, 
        "fit": "average_SEM", 
        "value": -0.026523750363170014
    }, 
    "H2": {
        "error": 0.11786506930799366, 
        "fit": "average_SEM", 
        "value": -0.21676280692530175
    }, 
    "L1": {
        "error": 0.16897093253247, 
        "fit": "average_SEM", 
        "value": -0.09863816200910756
    }, 
    "L2": {
        "error": 0.14608296601748078, 
        "fit": "average_SEM", 
        "value": -0.03725657755470214
    }
}