{
    "AX": {
        "error": 0.05663697877227792, 
        "fit": "average_SEM", 
        "value": -0.25787953672309716
    }, 
    "CDD": {
        "error": 0.0001396330255165566, 
        "fit": "average_SEM", 
        "value": 0.0001412180162636408
    }, 
    "H1": {
        "error": 0.13078678146159875, 
        "fit": "average_SEM", 
        "value": -0.007327186000960258
    }, 
    "H2": {
        "error": 0.13334648801439813, 
        "fit": "average_SEM", 
        "value": -0.23532283891108818
    }, 
    "L1": {
        "error": 0.17991830912066356, 
        "fit": "average_SEM", 
        "value": -0.11221467882278376
    }, 
    "L2": {
        "error": 0.12977037474399256, 
        "fit": "average_SEM", 
        "value": -0.021545768470969052
    }
}