{
    "AX": {
        "error": 0.05563343310045226, 
        "fit": "average_SEM", 
        "value": -0.26197231554736694
    }, 
    "CDD": {
        "error": 0.00016311474465762927, 
        "fit": "average_SEM", 
        "value": 0.0001541737983643543
    }, 
    "H1": {
        "error": 0.11485284306378753, 
        "fit": "average_SEM", 
        "value": -0.004873551174144571
    }, 
    "H2": {
        "error": 0.13277286099048446, 
        "fit": "average_SEM", 
        "value": -0.22205006635049357
    }, 
    "L1": {
        "error": 0.16644726356381676, 
        "fit": "average_SEM", 
        "value": -0.09934331297251144
    }, 
    "L2": {
        "error": 0.1493262611171761, 
        "fit": "average_SEM", 
        "value": -0.036105344987784824
    }
}