{
    "AX": {
        "error": 0.05697944206349602, 
        "fit": "average_SEM", 
        "value": -0.25235094893723725
    }, 
    "CDD": {
        "error": 0.00011038672240133262, 
        "fit": "average_SEM", 
        "value": 7.903026538163734e-05
    }, 
    "H1": {
        "error": 0.125197713418766, 
        "fit": "average_SEM", 
        "value": -0.012064387525606434
    }, 
    "H2": {
        "error": 0.1187975378036372, 
        "fit": "average_SEM", 
        "value": -0.22784508395373754
    }, 
    "L1": {
        "error": 0.1671697169840391, 
        "fit": "average_SEM", 
        "value": -0.12214674996988227
    }, 
    "L2": {
        "error": 0.13093363843046313, 
        "fit": "average_SEM", 
        "value": -0.015472680454452832
    }
}