{
    "AX": {
        "error": 0.05684174422311346, 
        "fit": "average_SEM", 
        "value": -0.25642296988517044
    }, 
    "CDD": {
        "error": 0.0001250527482378586, 
        "fit": "average_SEM", 
        "value": 0.00010235067190175565
    }, 
    "H1": {
        "error": 0.13839737122802742, 
        "fit": "average_SEM", 
        "value": -0.02352761590930944
    }, 
    "H2": {
        "error": 0.11980516104857622, 
        "fit": "average_SEM", 
        "value": -0.20491877283008458
    }, 
    "L1": {
        "error": 0.18056442220831925, 
        "fit": "average_SEM", 
        "value": -0.11580821467602315
    }, 
    "L2": {
        "error": 0.14497152990560355, 
        "fit": "average_SEM", 
        "value": -0.02049964297475526
    }
}