{
    "AX": {
        "error": 0.06032009073296869, 
        "fit": "average_SEM", 
        "value": -0.256577721486489
    }, 
    "CDD": {
        "error": 0.00016071559764871865, 
        "fit": "average_SEM", 
        "value": 0.0001425135948617632
    }, 
    "H1": {
        "error": 0.10837547442463742, 
        "fit": "average_SEM", 
        "value": -0.007913346197650146
    }, 
    "H2": {
        "error": 0.12509703381199958, 
        "fit": "average_SEM", 
        "value": -0.1952402954455465
    }, 
    "L1": {
        "error": 0.1608067112725545, 
        "fit": "average_SEM", 
        "value": -0.08699870477818573
    }, 
    "L2": {
        "error": 0.13758885128903933, 
        "fit": "average_SEM", 
        "value": -0.02019294501224067
    }
}