{
    "AX": {
        "error": 0.05101188739958566, 
        "fit": "average_SEM", 
        "value": -0.26074718218296766
    }, 
    "CDD": {
        "error": 0.00015861659135279235, 
        "fit": "average_SEM", 
        "value": 0.00016065168868711527
    }, 
    "H1": {
        "error": 0.11923881899016583, 
        "fit": "average_SEM", 
        "value": -0.013225649921757092
    }, 
    "H2": {
        "error": 0.11722836324928634, 
        "fit": "average_SEM", 
        "value": -0.22923763956253726
    }, 
    "L1": {
        "error": 0.1761056533742951, 
        "fit": "average_SEM", 
        "value": -0.08916822761044993
    }, 
    "L2": {
        "error": 0.14448651937093493, 
        "fit": "average_SEM", 
        "value": 0.0008803855162113905
    }
}