{
    "AX": {
        "error": 0.05689584788945841, 
        "fit": "average_SEM", 
        "value": -0.2566886553540826
    }, 
    "CDD": {
        "error": 0.00016701143053856607, 
        "fit": "average_SEM", 
        "value": 0.00018267651830683462
    }, 
    "H1": {
        "error": 0.12723873206535083, 
        "fit": "average_SEM", 
        "value": -0.013176012714393438
    }, 
    "H2": {
        "error": 0.12943227784070999, 
        "fit": "average_SEM", 
        "value": -0.2207198280103815
    }, 
    "L1": {
        "error": 0.19455240440285826, 
        "fit": "average_SEM", 
        "value": -0.13022214180479447
    }, 
    "L2": {
        "error": 0.11388630582092826, 
        "fit": "average_SEM", 
        "value": -0.008301161061657089
    }
}