{
    "AX": {
        "error": 0.05952176704670325, 
        "fit": "average_SEM", 
        "value": -0.2458205531661709
    }, 
    "CDD": {
        "error": 0.00019592629357469772, 
        "fit": "average_SEM", 
        "value": 0.0002578200527447431
    }, 
    "H1": {
        "error": 0.1275968611278009, 
        "fit": "average_SEM", 
        "value": -0.00042837169845976554
    }, 
    "H2": {
        "error": 0.115697614748909, 
        "fit": "average_SEM", 
        "value": -0.23210540618747472
    }, 
    "L1": {
        "error": 0.1720694024989105, 
        "fit": "average_SEM", 
        "value": -0.10860097521411566
    }, 
    "L2": {
        "error": 0.1357998901950809, 
        "fit": "average_SEM", 
        "value": 0.0015243704275538525
    }
}