{
    "AX": {
        "error": 0.061232293973514366, 
        "fit": "average_SEM", 
        "value": -0.25378692112863066
    }, 
    "CDD": {
        "error": 0.000128260092587991, 
        "fit": "average_SEM", 
        "value": 0.00011530645303234147
    }, 
    "H1": {
        "error": 0.14177816270068183, 
        "fit": "average_SEM", 
        "value": -0.02104337738031366
    }, 
    "H2": {
        "error": 0.12901710631529612, 
        "fit": "average_SEM", 
        "value": -0.23431219966053807
    }, 
    "L1": {
        "error": 0.17157267015573435, 
        "fit": "average_SEM", 
        "value": -0.0999833602400031
    }, 
    "L2": {
        "error": 0.13445987842998763, 
        "fit": "average_SEM", 
        "value": -0.037841733696404846
    }
}