{
    "AX": {
        "error": 0.06105714406007854, 
        "fit": "average_SEM", 
        "value": -0.25161658264696596
    }, 
    "CDD": {
        "error": 0.00016898617516909514, 
        "fit": "average_SEM", 
        "value": 0.0001774942046419407
    }, 
    "H1": {
        "error": 0.13211135532041746, 
        "fit": "average_SEM", 
        "value": -0.017954666118991252
    }, 
    "H2": {
        "error": 0.11320525938388083, 
        "fit": "average_SEM", 
        "value": -0.22716241109689386
    }, 
    "L1": {
        "error": 0.1699850986980773, 
        "fit": "average_SEM", 
        "value": -0.11266414817946498
    }, 
    "L2": {
        "error": 0.1352398500556476, 
        "fit": "average_SEM", 
        "value": -0.021546098947874272
    }
}