{
    "AX": {
        "error": 0.06287558543850483, 
        "fit": "average_SEM", 
        "value": -0.26126166178534427
    }, 
    "CDD": {
        "error": 0.00013713784966909952, 
        "fit": "average_SEM", 
        "value": 0.00013344454734275739
    }, 
    "H1": {
        "error": 0.12225023577761861, 
        "fit": "average_SEM", 
        "value": 0.00011022883487991446
    }, 
    "H2": {
        "error": 0.12208596504759127, 
        "fit": "average_SEM", 
        "value": 0.05017397407112488
    }, 
    "L1": {
        "error": 0.18598285445204932, 
        "fit": "average_SEM", 
        "value": -0.1199011426535435
    }, 
    "L2": {
        "error": 0.14828692800821985, 
        "fit": "average_SEM", 
        "value": -0.0443126653272581
    }
}