{
    "AX": {
        "error": 0.05851430743443577, 
        "fit": "average_SEM", 
        "value": -0.254327935539186
    }, 
    "CDD": {
        "error": 3.119713176935617e-05, 
        "fit": "average_SEM", 
        "value": 6.47789056529291e-06
    }, 
    "H1": {
        "error": 0.11591370267841494, 
        "fit": "average_SEM", 
        "value": -0.026913571221666644
    }, 
    "H2": {
        "error": 0.12747688774738855, 
        "fit": "average_SEM", 
        "value": 0.026207626756513492
    }, 
    "L1": {
        "error": 0.1562509056370674, 
        "fit": "average_SEM", 
        "value": -0.10825860933982767
    }, 
    "L2": {
        "error": 0.14053616660450344, 
        "fit": "average_SEM", 
        "value": -0.04493014626253474
    }
}