{
    "AX": {
        "error": 0.05644583801144225, 
        "fit": "average_SEM", 
        "value": -0.2584981797883908
    }, 
    "CDD": {
        "error": 3.119713176935617e-05, 
        "fit": "average_SEM", 
        "value": 6.47789056529291e-06
    }, 
    "H1": {
        "error": 0.11907012188315026, 
        "fit": "average_SEM", 
        "value": -0.033299521125930674
    }, 
    "H2": {
        "error": 0.11438337697649557, 
        "fit": "average_SEM", 
        "value": 0.006663917005062104
    }, 
    "L1": {
        "error": 0.1734365619862548, 
        "fit": "average_SEM", 
        "value": -0.10656695720390416
    }, 
    "L2": {
        "error": 0.14435892491994937, 
        "fit": "average_SEM", 
        "value": -0.05198802160254369
    }
}