{
    "AX": {
        "error": 0.0581937084822875, 
        "fit": "average_SEM", 
        "value": -0.2514109761764606
    }, 
    "CDD": {
        "error": 2.802462017628634e-05, 
        "fit": "average_SEM", 
        "value": 5.182312452234328e-06
    }, 
    "H1": {
        "error": 0.11173034302166043, 
        "fit": "average_SEM", 
        "value": -0.035033623309088095
    }, 
    "H2": {
        "error": 0.11615881348196487, 
        "fit": "average_SEM", 
        "value": 0.03442822248810747
    }, 
    "L1": {
        "error": 0.16542557789281248, 
        "fit": "average_SEM", 
        "value": -0.09430951115791686
    }, 
    "L2": {
        "error": 0.14719229947559803, 
        "fit": "average_SEM", 
        "value": -0.021572170644261254
    }
}