{
    "Ar36": {
        "error": 0.0013449749681300745, 
        "fit": "parabolic", 
        "value": 0.0091328124317748231
    }, 
    "Ar37": {
        "error": 0.1261703579983916, 
        "fit": "linear", 
        "value": 0.00044403211816955532
    }, 
    "Ar38": {
        "error": 0.17211879922733148, 
        "fit": "linear", 
        "value": -0.10745998845953382
    }, 
    "Ar39": {
        "error": 0.058376367892987731, 
        "fit": "parabolic", 
        "value": -0.24437051770833312
    }, 
    "Ar40": {
        "error": 0.13729854461541216, 
        "fit": "parabolic", 
        "value": 2.6208633874269829
    }, 
    "Ar41": {
        "error": 0.12083164912356048, 
        "fit": "average_SEM", 
        "value": 0.039821044740820072
    }
}