{
    "Ar36": {
        "error": 0.0013756502759869006, 
        "fit": "parabolic", 
        "value": 0.0089252362427180536
    }, 
    "Ar37": {
        "error": 0.14253119416294663, 
        "fit": "linear", 
        "value": -0.021274051635321568
    }, 
    "Ar38": {
        "error": 0.17468732788407815, 
        "fit": "linear", 
        "value": -0.13217600560946002
    }, 
    "Ar39": {
        "error": 0.058717747860806191, 
        "fit": "parabolic", 
        "value": -0.24747691785397638
    }, 
    "Ar40": {
        "error": 0.13525023209149922, 
        "fit": "parabolic", 
        "value": 2.5537001046721999
    }, 
    "Ar41": {
        "error": 0.16913867814970002, 
        "fit": "average_SEM", 
        "value": -0.027659863962853706
    }
}