{
    "Ar36": {
        "error": 0.001404198878271487, 
        "fit": "parabolic", 
        "value": 0.0094885314679896311
    }, 
    "Ar37": {
        "error": 0.13754377433391882, 
        "fit": "linear", 
        "value": -0.0090328616762392466
    }, 
    "Ar38": {
        "error": 0.16674871725688969, 
        "fit": "linear", 
        "value": -0.11461091775837795
    }, 
    "Ar39": {
        "error": 0.05957849999626634, 
        "fit": "parabolic", 
        "value": -0.24554471755450086
    }, 
    "Ar40": {
        "error": 0.13561191207610215, 
        "fit": "parabolic", 
        "value": 2.7407638671878094
    }, 
    "Ar41": {
        "error": 0.11879412932064666, 
        "fit": "average_SEM", 
        "value": 0.032879678274039176
    }
}